experiment_no,temperature_C,pH,sugar_g_L,observed_biomass_g_L
1,29.0,3.6,44.1,24.07
2,37.0,3.6,44.1,15.99
3,29.0,7.3,44.1,25.7
4,37.0,7.3,44.1,15.79
5,29.0,3.6,170.9,28.4
6,37.0,3.6,170.9,29.86
7,29.0,7.3,170.9,20.78
8,37.0,7.3,170.9,23.51
9,27.0,5.5,107.5,22.61
10,39.0,5.5,107.5,26.2
11,33.0,2.4,107.5,26.0
12,33.0,8.6,107.5,32.72
13,33.0,5.5,1.0,25.37
14,33.0,5.5,214.0,24.04
15,33.0,5.5,107.5,40.0
16,33.0,5.5,107.5,40.0
17,33.0,5.5,107.5,40.0
18,33.0,5.5,107.5,40.0
19,33.0,5.5,107.5,40.0
20,33.0,5.5,107.5,40.0
